timestamp,market_id,event_slug,title,outcome,price,size_usd,first_seen
1761290123,,presidential-election-winner-2028,Will Vivek Ramaswamy win the 2028 US Presidential Election?,Yes,0.0129999992025141,1223.846152,2025-10-24T08:10:49.355229
1761290123,,presidential-election-winner-2028,Will Vivek Ramaswamy win the 2028 US Presidential Election?,Yes,0.0129999992025141,1223.846152,2025-10-24T08:20:42.306105
1761290123,,presidential-election-winner-2028,Will Vivek Ramaswamy win the 2028 US Presidential Election?,Yes,0.0129999992025141,1223.846152,2025-10-24T08:25:59.791667
1761290123,,presidential-election-winner-2028,Will Vivek Ramaswamy win the 2028 US Presidential Election?,Yes,0.0129999992025141,1223.846152,2025-10-24T08:32:30.863317
1761290123,,presidential-election-winner-2028,Will Vivek Ramaswamy win the 2028 US Presidential Election?,Yes,0.0129999992025141,1223.846152,2025-10-24T08:33:12.164500
1761290123,0x64396449b471b10b006285fa49dd9a5df535694de7b4c703fdeb0d88d5c4cd33,presidential-election-winner-2028,Will Vivek Ramaswamy win the 2028 US Presidential Election?,Yes,0.0129999992025141,1223.846152,2025-10-24T08:39:24.404832
1761290121,0x34c989bada239153e86a009b3d25539db4c86fc4df3e01d320f0bee58a7aef45,new-york-city-mayoral-election,Will Brad Lander win the 2025 NYC mayoral election?,No,0.998,566.71,2025-10-24T08:39:24.406868
1761290119,0x184228c1bfc9502d38f6f9984667f3da7b2f955616f195a3ba28b51fb0539bfe,super-bowl-champion-2026-731,Will the New Orleans Saints win Super Bowl 2026?,No,0.995,285.0452,2025-10-24T08:39:24.408577
1761290119,0x9d59c34f5d72bbaf94582cb4cc6a3a07f08fa2b848458012db6f2ae6b6a27fb8,xrp-above-on-october-24,Will the price of XRP be above $2.50 on October 24?,Yes,0.22,149.99,2025-10-24T08:39:24.410723
1761290117,0xbdac07dfbefef613fc2a3b0facd21936cd5c0decf886960191d0faad1634e858,bitcoin-up-or-down-october-24-3am-et,"Bitcoin Up or Down - October 24, 3AM ET",Down,0.85,105.0,2025-10-24T08:39:24.412824
1761290117,0xb80de907dbcdfc4efe8219c3f9544f02f4267556982a1013b641bf348aff21d4,who-will-trump-pardon-in-2025,Will Trump pardon Diddy in 2025?,Yes,0.1578968144317688,126.665,2025-10-24T08:39:24.414807
1761290117,0xf1916d77db1d198c540e55f1cb7461681b480cc64db5d1712096519f0f13711d,ethereum-up-or-down-october-24-3am-et,"Ethereum Up or Down - October 24, 3AM ET",Up,0.3,100.0,2025-10-24T08:39:24.416415
1761290117,0x22438911c66b94e8118a4810b86a38e6fc17ad2ba92ca463533200ad68e15aa3,nba-mil-tor-2025-10-24,Bucks vs. Raptors,Raptors,0.53,1000.0,2025-10-24T08:39:24.418261
1761290117,0x7058f8abef2ca5e080b6febb7ec45da60319582619e89183b700aca3d8fb21da,trump-strikes-another-drug-boat-by-oct-31-885,Trump strikes another drug boat by Oct 31?,No,0.24,125.0,2025-10-24T08:39:24.419657
1761290115,0xcb30535f1bf8d07471b447c863571a8274dccacfe82ec1e6bd1f1480462b014d,will-any-ai-reach-50k-in-nof1-ai-trading-competition,Will any AI reach $50k in Alpha Arena AI trading competition?,No,0.94,203.0,2025-10-24T08:39:24.421819
1761290115,0x17cd926896aa499bea870e218dc2e32c99f102237e6ae90f49f4b03d69cac4da,ireland-presidential-election,Will Conor McGregor win the Irish Presidential Election?,No,0.999,1440.0,2025-10-24T08:39:24.422629
1761290115,0xcb06319aa9e029904c93c1df7d10b7ce7d6aab2b25b8f661e0cf57ea048a1567,uefa-champions-league-winner,Will Atletico Madrid win the 2025–26 Champions League?,Yes,0.024,110.0,2025-10-24T08:39:24.423498
1761290115,0x566d830e56572831055d5283bd64af8a300945636a3d6a4bc116c55886298706,ireland-presidential-election,Will Catherine Connolly win the Irish Presidential Election?,No,0.029,1440.0,2025-10-24T08:39:24.424126
1761290115,0x9b2042734243b3fd1f411f98e716367052941d574dc95564f2beeda271917280,ireland-presidential-election,Will Heather Humphreys win the Irish Presidential Election?,Yes,0.0280702831981786,4631.232221,2025-10-24T08:39:24.424681
1761290113,0x5916bb83d8de8d3ab5a25611ce40b89a89227515a1f6c99fa40b04549ca5a8fe,what-price-will-ethereum-hit-in-october-167,Will Ethereum reach $6000 in October?,No,0.999,1101.101,2025-10-24T08:39:24.425500
1761290111,0x17d98f09c6a309865f9151c0f89412f31afd07afd25cc2073e59832fc1ccfea0,epl-lee-wes-2025-10-24,Will Leeds United win on 2025-10-24?,No,0.47,500.0,2025-10-24T08:39:24.426116
1761290111,0x663b88d3a8f2341bb8d878709dc78632bcaf7512e577bd15521e5d8ed933efbc,democratic-presidential-nominee-2028,Will Hillary Clinton win the 2028 Democratic presidential nomination?,Yes,0.009,5100.0,2025-10-24T08:39:24.426681
1761290111,0xf2ce8d3897ac5009a131637d3575f1f91c579bd08eecce6ae2b2da0f32bbe6f1,xi-jinping-out-in-2025,Xi Jinping out in 2025?,No,0.96099999585809,104.058271,2025-10-24T08:39:24.427217
1761290107,0x09ad4955c170d46c6d80b5f554435b19e229ff7dbe55370892b64782336cc3b9,presidential-election-winner-2028,Will Andy Beshear win the 2028 US Presidential Election?,No,0.976,1648.35,2025-10-24T08:39:24.428207
1761290105,0x005aa3a9e019fade8240f0651b631d27fa74549aed52dea9a95a5de9533b119f,who-will-trump-talk-to-in-october,Will Trump talk to Xi Jinping in October?,Yes,0.93,637.12,2025-10-24T08:39:24.429138
1761290103,0xebddfcf7b4401dade8b4031770a1ab942b01854f3bed453d5df9425cd9f211a9,new-york-city-mayoral-election,Will Zohran Mamdani win the 2025 NYC mayoral election?,Yes,0.923,651.0,2025-10-24T08:39:24.430559
1761290101,0x7e8953cc66f9dabfe80fb0d1a9284bffb7a293f700b21027261fade58a082d73,f1-drivers-champion,Will George Russell be the 2025 Drivers Champion?,No,0.998,1090.7815,2025-10-24T08:39:24.431656
1761290099,0x006ce0742c3891c396aead079e563c5d58c4eae2f9b05d910ed45110980290ad,who-will-win-the-synthetix-trading-competition,Will Rasmr win the Synthetix trading competition?,No,0.998,800.8,2025-10-24T08:39:24.434151
1761290093,0xd63074a69db9fbe28c8a9f3bfe64d8c16eb39e302be281ad9e3a91081b7429f5,will-trump-meet-with-xi-jinping-by-october-31,Will Trump meet with Xi Jinping by October 31?,No,0.05,112.44,2025-10-24T08:39:24.437731
1761290093,0x609d94e4a9fe083deb151e8ef3b4e31e5b2a4cb5f927e11df17d895fb2807eba,solana-above-on-october-24,Will the price of Solana be above $150 on October 24?,Yes,0.999,172.172,2025-10-24T08:39:24.439927
1761290091,0x298157e618b5729dafd742eec9b21e040a13da0bb09ff1fa4492360c347e3824,2026-nba-champion,Will the Utah Jazz win the 2026 NBA Finals?,Yes,0.006,400.0,2025-10-24T08:39:24.440903
1761290089,0xfee07be730188c94cd3644ed6f107fa3ea2dfab9989ce8d39aeeae064766abe3,democratic-presidential-nominee-2028,Will Jon Stewart win the 2028 Democratic presidential nomination?,No,0.985,861.0,2025-10-24T08:39:24.441568
1761290089,0xc2a48f3133678a92c7410fbb8db247c6ec7b5391e6bd2b099d5f850906bde1ae,eth-updown-15m-1761289200,"Ethereum Up or Down - October 24, 3:00AM-3:15AM ET",Down,0.99,146.69,2025-10-24T08:39:24.442113
1761290089,0x89878c132225cce53692bc749dcd2d7693d2bfeef327e03acad284f30b5dce46,btc-updown-15m-1761289200,"Bitcoin Up or Down - October 24, 3:00AM-3:15AM ET",Up,0.01,310.0,2025-10-24T08:39:24.442644
1761290087,0xda1a63821a4c727529dbc48bc12dad2a2499f41bb195c41f1e13de0b029a1e35,lol-100-t1-2025-10-24,LoL: 100 Thieves vs T1 (BO3),T1,0.94,100.0,2025-10-24T08:39:24.443809
1761290083,0x495e6b49e7397bb4e6f8ce69e246ccb33b744678bd9bf88cbecbd3a113b05423,will-russia-invade-a-nato-country-in-2025,"Will Russia invade a NATO country by June 30, 2026?",No,0.9161277464788732,710.0,2025-10-24T08:39:24.444610
1761290083,0xe58adf8921230bbb1daed7272bef2e5ce1a8eaa4b14899d3266a40d4614f4d25,nicolas-sarkozy-released-from-custody-by-december-31,Nicolas Sarkozy released from custody by December 31?,No,0.45,190.0,2025-10-24T08:39:24.445322
1761290081,0x05898f8dd447068a47ee3e68c3019c940375cce9ad1ab0af64eb2cd49cb43375,who-will-leave-trump-administration-in-2025,Will Pam Bondi leave the Trump administration in 2025?,No,0.9074627959972258,100.93,2025-10-24T08:39:24.445862
1761290077,0x293fb49f43b12631ec4ad0617d9c0efc0eacce33416ef16f68521427daca1678,will-satoshi-move-any-bitcoin-in-2025,Will Satoshi move any Bitcoin in 2025?,No,0.939686800570554,319.255307,2025-10-24T08:39:24.446443
1761290075,0x29eafc104d7824c838e194766074f50b352f866abd9bc2fe536b1cdf93e3663f,english-premier-league-winner,Will Brentford win the 2025–26 English Premier League?,No,0.997,410.82,2025-10-24T08:39:24.447415
1761290071,0x46b458c054ae8f32ca5e736c515bbfc1aec93a925169e6fa8e2dbe2d43b8b50a,lol-blg-vks-2025-10-24,LoL: Bilibili Gaming vs Vivo Keyd Stars (BO3),Vivo Keyd Stars,0.1,100.0,2025-10-24T08:39:24.448876
1761290069,0xf1d46f1ed48a815a315e32f05da7ccbe7d9eaad14d0fd872f0e9e9e8c4ad226c,2025-national-heads-up-poker-championship-winner-845,Will Phil Galfond win the 2025 National Heads-Up Poker Championship?,Yes,0.004,1025.0,2025-10-24T08:39:24.452034
1761290067,0xc0cca1d2be477b722cfef3aeeef8b84bd05e09910c307aecb245fc288096bc6c,monad-airdrop-by,Will Monad perform an airdrop by November 15? ,Yes,0.16,644.44,2025-10-24T08:39:24.454903
1761290063,0x2c786f3a82f79980c7621fa2e6b463198edb080d3ac6360ce069395d110ece34,sea-mil-pis-2025-10-24,Will AC Milan win on 2025-10-24?,Yes,0.759999999848,1315.78947,2025-10-24T08:39:24.456788
1761290063,0x114b8b3f9ece80a4a9fde5defdc953a1a9c8f4b02b6662065696eddffce6ae54,nba-bos-nyk-2025-10-24,Celtics vs. Knicks,Celtics,0.3399999967359999,147.058822,2025-10-24T08:39:24.457991
1761315899,0x9e5e066f4193536530683346ffce40799ad3c9ebca583f1ff39a34654f143f9a,nba-phx-lac-2025-10-24,Suns vs. Clippers,Clippers,0.79,754.0945,2025-10-24T10:24:59.559771
1761315901,0x53f82bd52566e30ae3f8131cb92095dd92ecdf2b0204af0edc226ee194e923fe,fed-decision-in-october,Fed decreases interest rates by 25 bps after October 2025 meeting?,Yes,0.971,110.694,2025-10-24T10:25:01.615575
1761315905,0xac76ad792d5ea352b5103a630bb9beb3373dff81a8af816e42b6cb884b33364d,bitcoin-above-on-october-24,"Will the price of Bitcoin be above $110,000 on October 24?",Yes,0.51,266.22,2025-10-24T10:25:05.659097
1761315907,0xaeabfbe3b93e8c81c8b602522a44da374c2d874448466261cb27e49055f566b5,elon-musk-of-tweets-october-17-october-24,"Will Elon Musk post 280-299 tweets from October 17 to October 24, 2025?",Yes,0.589846555664113,645.8599990000001,2025-10-24T10:25:07.897869
1761315911,0xdfa8c4c917973c833395da520867d7cd82522bc33b95e1da984c6061374b74ad,what-price-will-solana-hit-october-20-26,Will Solana reach $200 October 20-26?,No,0.69,103.5,2025-10-24T10:25:11.652980
1761315913,0xc396002fb9954cf1ff3c13a01184b1c7dfca437d30cc231fff7a746262047c6c,bitcoin-price-on-october-24,"Will the price of Bitcoin be between $108,000 and $110,000 on October 24?",No,0.44,220.0,2025-10-24T10:25:13.659807
1761315913,0x707f103341724eb44a6706fca1e3149732937d50b92c1e293fb2154c914950cc,bitcoin-up-or-down-october-24-10am-et,"Bitcoin Up or Down - October 24, 10AM ET",Down,0.94,789.9477999999999,2025-10-24T10:25:13.840444
1761315915,0x06be9b000f69abbbfb3753ee27b0903cb549611923d44ceb5393398713073654,what-price-will-solana-hit-in-october-452,Will Solana reach $240 in October?,No,0.949,104.39,2025-10-24T10:25:15.452551
1761315915,0xea1f601faf600380da04e1ce3d46fc4c7dfea5e6247550b2b513761cb40f0a9f,lighter-market-cap-fdv-one-day-after-launch,Lighter market cap (FDV) >$2B one day after launch?,Yes,0.866277200799563,3199.999999,2025-10-24T10:25:15.484910
1761315915,0x0cd467df4030e7da99133ae20665f0905e6a9cbc6706d11c87712730a0434170,when-will-bitcoin-hit-150k,Will Bitcoin hit $150k by December 31?,No,0.84,425.04,2025-10-24T10:25:15.521840
1761315915,0x89bee048930fd00a7c10036bdfbbfe3995bb1f1bec627644398ebc5ec3adf7b7,bitcoin-up-or-down-on-october-24,Bitcoin Up or Down on October 24?,Up,0.5,250.0,2025-10-24T10:25:15.677438
1761315915,0x5865b3c04ce8839b1cffeeb96e03b671c4f042b074c336eeb9534047356455bc,bitcoin-above-on-october-25,"Will the price of Bitcoin be above $110,000 on October 25?",No,0.49,142.1,2025-10-24T10:25:16.228935
1761315915,0xd1f1303f021357aa5a9da9f237d97ad9bdce40cfab151bfb14284abef49461cd,bitcoin-price-on-october-24,"Will the price of Bitcoin be between $110,000 and $112,000 on October 24?",Yes,0.42,1097.04,2025-10-24T10:25:16.297148
1761315917,0x51de0b512f3182062ec32f4115fde1838b85c2804431323497ab3aa3de2665d0,solana-up-or-down-on-october-24,Solana Up or Down on October 24?,Up,0.34,102.0,2025-10-24T10:25:17.580569
1761315917,0x71dd4bb30879f07523f31b899294862a0ac4c3b521c8f7d4c216344ebc5765e7,nfl-sf-hou-2025-10-26,49ers vs. Texans,Texans,0.55,105.765,2025-10-24T10:25:18.107886
1761315917,0xbc0c1083d32d8a3d72b588d95893c702505f6677827c1a1b18c6c7900138e141,solana-up-or-down-october-24-3pm-et,"Solana Up or Down - October 24, 3PM ET",Up,0.5,704.5,2025-10-24T10:25:18.111907
1761315917,0x7070ed8abffe3d45a38a1f15077d90c2db8e4491d0d24053d9de5706a5a441fc,ethereum-above-on-october-24,"Will the price of Ethereum be above $4,000 on October 24?",No,0.96,253.44,2025-10-24T10:25:18.134255
1761315919,0xdb6f2cb74f8966967c5cfb5b9a99b9184ce4066350a9c93b81c44bd8bbfdfd57,what-price-will-ethereum-hit-october-20-26,"Will Ethereum dip to $3,700 October 20-26?",Yes,0.22,110.0,2025-10-24T10:25:19.846438
1761315919,0xd4863a47f6919d0527000dcbad1d8fa552c9264a8d14eba5fd0878d5ef69917f,what-price-will-ethereum-hit-october-20-26,"Will Ethereum reach $4,200 October 20-26?",No,0.92,1380.0,2025-10-24T10:25:19.869894
1761315919,0xacf35341fccc852d50dce7fec77393d03ca977aecbb2f43c7278cb9e52c4f0a1,ethereum-up-or-down-on-october-24,Ethereum Up or Down on October 24?,Up,0.78,234.0,2025-10-24T10:25:19.945777
1761315919,0x85648b2a540aedd465e08242d96406d644399588ef20bc28e4e1a2c871be8790,what-price-will-ethereum-hit-october-20-26,"Will Ethereum dip to $3,600 October 20-26?",Yes,0.07,370.2825,2025-10-24T10:25:19.966783
1761316195,0x1cecf7ff4fc55eb59245d1210f7e1d88af5c095824a49af73083858a3a40ee4f,elon-musk-of-tweets-october-17-october-24,"Will Elon Musk post 260-279 tweets from October 17 to October 24, 2025?",Yes,0.3263372761623131,119.1849,2025-10-24T10:29:55.822011
1761316221,0x01a76381c72295f34fb65ac2e22d871c406c4491ad7197626ac48ff946513b08,elon-musk-of-tweets-october-21-october-28,"Will Elon Musk post 160-179 tweets from October 21 to October 28, 2025?",Yes,0.179228373483932,119.999999,2025-10-24T10:30:21.459249
1761316221,0xf9d9447da3219b2e43a6842b0903509f933bba4ecec24152a4d3f52bef4020af,nhl-cal-wpg-2025-10-24,Flames vs. Jets,Jets,0.58,2900.0,2025-10-24T10:30:21.662686
1761316251,0x895e01dbf3e6a33cd9a44ca0f8cdb5df1bd2b0b6ebed5300d28f8da7145145e4,republican-presidential-nominee-2028,Will Donald Trump win the 2028 Republican presidential nomination?,No,0.9477565818320464,1988.58286,2025-10-24T10:30:51.671428
1761316257,0xf8ad779f49fc9051a44de57a22b2ffe8608b0a2a7de46f728cbd6bce81a5bc54,will-trump-meet-with-putin-again-by,Will Trump meet with Putin by December 31?,Yes,0.32,2150.0,2025-10-24T10:30:57.590950
1761316263,0x2cf1be28fe36433b67f5c8c7ac045aa58c8365a9b269f86abc302e2e1105e256,cfb-cah-vtech-2025-10-24,California vs. Virginia Tech,California,0.33,107.91,2025-10-24T10:31:03.608628
1761316267,0xba4493c626ec27930b6c580c956b69580e77c488a84140997180f054230a4553,lighter-market-cap-fdv-one-day-after-launch,Lighter market cap (FDV) >$4B one day after launch?,No,0.45,121.95,2025-10-24T10:31:07.857758
1761316271,0x0fb910f988120dea820d25404e9826e5902c3dad8daf75e2327ab4a16f6c4d1a,bun-b04-fre-2025-10-26,Will Bayer Leverkusen win on 2025-10-26?,No,0.47,201.16,2025-10-24T10:31:11.614335
1761316271,0x7d6302839a6fb2ee0e1c0b62942b3c2cb83c3e672c002fbbbad8b00932afcdc6,1-free-app-in-the-us-apple-app-store-on-october-24,Will Sora by OpenAI be #1 Free App in the US Apple App Store on October 24?,No,0.88,267.08,2025-10-24T10:31:11.685659
1761316273,0x1b0ec1837dbb55c9cc459e7c16025b07f803497f6ba001f548d90731a5d022cb,epl-new-ful-2025-10-25,Will Newcastle win on 2025-10-25?,Yes,0.609999999634,499.999999,2025-10-24T10:31:13.905355
1761316273,0xc40cbb2d7f5d2c43c624bd5b1d0b18cd3d0682b3937363ec7c1ad1d13bee107e,new-york-city-mayoral-election,Will Andrew Cuomo win the 2025 NYC mayoral election?,Yes,0.0599999997719008,241.9999989999999,2025-10-24T10:31:13.935811
1761316273,0x567b5520b8993a439badf37e97b2198eaf86d39adf4b192c77131119c7972e0e,atp-fonseca-shapova-2025-10-24,Swiss Indoors Basel: Joao Fonseca vs Denis Shapovalov,Shapovalov,0.5,133.0,2025-10-24T10:31:14.198261
1761316277,0x62f31557b0e55475789b57a94ac385ee438ef9f800117fd1b823a0797b1fdd68,will-the-us-invade-venezuela-in-2025,Will the U.S. invade Venezuela in 2025?,No,0.88,113.7136,2025-10-24T10:31:17.865515
1761316277,0x1a555bc29e200938c9b9cb08a594b95faa616220ed031c13b97f6bef0807d331,will-elon-musks-1t-tesla-pay-deal-pass,Will Elon Musk’s $1T Tesla pay deal pass?,Yes,0.8465110117257013,149.999999,2025-10-24T10:31:17.971701
1761316282,0x08f3a821e6bab99f5c054fd25d19bede33a6d490be7caab0f645a1076077f61a,dota2-pari-aur1-2025-10-24,Dota 2: PARIVISION vs Aurora (BO3),PARIVISION,0.7697393740515396,499.999997,2025-10-24T10:31:22.222725
1761316301,0x4126ce9dc772c3eb415bc5dca067e94dec405e811bd023200e37f8cd58c876de,epl-ast-mac-2025-10-26,Will Manchester City win on 2025-10-26?,Yes,0.559944005464955,499.99999900000006,2025-10-24T10:31:41.694128
1761316305,0x90394c2848abe272fc43ab6d3842efc6ebcf41aee50ec9fdca1980a6452ff19a,next-prime-minister-of-the-czech-republic,Will Andrej Babiš be the next Prime Minister of the Czech Republic after the elections?,Yes,0.9579999997896994,118.43998,2025-10-24T10:31:45.668652
1761316307,0xf169f6c7a57a0e385556cf5a8e1cfc58ea83d58d40d8dd21bf41cec09018e416,us-x-venezuela-military-engagement-by-october-31,US x Venezuela military engagement by October 24?,No,0.975,460.083,2025-10-24T10:31:47.880040
1761316311,0x6fa38b11b1909151a7c1c3bdfb77b24716adbd7ecbe9904ed14a572886120e76,highest-grossing-movie-in-2025,Will Zootopia 2 be the top grossing movie of 2025?,No,0.7064036469976868,354.99999799999995,2025-10-24T10:31:51.581017
1761316313,0x2b31e7ad9f42753434a1703d157a1c8414c92b6f1ea2fa35acf6df90be9d777e,how-many-days-will-the-federal-government-be-shut-down-in-2025,Will the federal government be shut down for 30 or more days in 2025?,Yes,0.930508683036681,429.72752,2025-10-24T10:31:53.422415
1761316313,0xa96d2cb80c768b85287411be93f11acd6438c7285fcae33ccb1da345b8c385ce,atlas-global-browser-market-share-1-on-october-31,Atlas global browser market share 1%+ on October 31?,Yes,0.4077211477961036,131.86999899999998,2025-10-24T10:31:53.427852
1761316323,0xa890da55d23edef57881cae2f7a025a06061fee217bdc070efd34d69e16f6c64,cfb-boise-nevada-2025-10-25,Spread: Boise State (-21.5),Boise State,0.51,127.5,2025-10-24T10:32:03.593902
1761316325,0xee0b3015ad11d031e4c872ccac0cc0f1c59fff7b0e48a7815bf52f6d1846131b,epl-eve-tot-2025-10-26,Will Tottenham win on 2025-10-26?,No,0.69,137.31,2025-10-24T10:32:05.434887
1761316325,0xb51f2db5996c86c3fdbac6d67d0fdead997d959ce0d86bad5203d16ee746da17,which-party-wins-most-seats-in-argentina-deputies-election,Will LLA win the most seats in the Chamber of Deputies following the 2025 Argentina election?,No,0.23,115.0,2025-10-24T10:32:05.438226
1761316327,0x2fe9ed191baf6270484eb5ea676e9f38b6a7898b288a4592be8107475a73a2ea,french-election-called-by,French election called by December 31?,Yes,0.3,128.1,2025-10-24T10:32:07.738754
1761316331,0xa56afcf5b2db4531f9f339edc04acc9c29a777127b79164cf8850556d164f5ea,where-will-trump-and-putin-meet-next-393,Will Zelenskyy and Putin not meet?,No,0.1031526750241464,103.5952,2025-10-24T10:32:11.818897
1761316333,0x35ae72ecea68142496d891d6b74c3ea7069e8ac7b066542298691b43d74da891,will-putin-meet-with-zelenskyy-in-2025,Will Putin meet with Zelenskyy in 2025?,Yes,0.11,327.91,2025-10-24T10:32:13.344089
1761316341,0xe67c947bf8eeb8dffdeea19806cf266fe65f6d20f3e5bbf5135e11e544fe9b7f,opensea-fdv-above-one-day-after-launch,Opensea FDV above $1B one day after launch?,No,0.241115703143845,149.9378,2025-10-24T10:32:21.610924
1761316353,0x76a9cc7b783fe836c280cd2946a3ea759b5f36ecdb32beeb7e9a0f66c0d5dcb4,nba-atl-orl-2025-10-24,Hawks vs. Magic: O/U 235.5,Under,0.5,300.0,2025-10-24T10:32:35.425801
1761316353,0x4cef0ac44f4a10a958b3f676ce945a0ffe1b16d0e7eac0abcf432bce7b99ea77,epl-bre-liv-2025-10-25,Will Liverpool win on 2025-10-25?,Yes,0.57,239.97,2025-10-24T10:32:35.463617
1761316359,0x0b15ff57f3289e6caa2d1239ce963949c593119a987e41d05c185a49e97b18ff,how-fast-will-diplo-run-5k,Will Diplo run the 5k in under 21 minutes?,No,0.65,325.0,2025-10-24T10:32:40.493261
1761316363,0x5cfda7a7582dc25d24e08046d723a87529eeed90f65e8ac387f4d6695e6f31e8,atp-sinner-bublik-2025-10-24,Erste Bank Open: Jannik Sinner vs Alexander Bublik,Sinner,0.9299999998139068,199.899992,2025-10-24T10:32:43.480407
1761316375,0x15010360fc7a7ca0e06652f5779ddf85f6f933cfd08c3bd6320d19d8c0d27953,bun-wer-uni-2025-10-24-more-markets,Werder Bremen vs. Union Berlin: O/U 2.5,Over,0.58,580.0,2025-10-24T10:32:55.556600
1761316383,0x023807b73b184dea9464032c1ba50196956364e207aa314e28c57e864a91a989,nfl-dal-den-2025-10-26,Spread: Broncos (-3.5),Cowboys,0.5199999999537778,899.999999,2025-10-24T10:33:03.741443
1761316385,0xa529f6172053308b6a658c516cd03ead5fb3a2e75769e20bc369fe2bfd750173,who-will-acquire-tiktok-559,Will Larry Ellison/Oracle acquire TikTok?,Yes,0.5263639606109948,339.4258,2025-10-24T10:33:05.741359
1761316387,0xc1af6d78e5269210bb1d332fc60806e4c4558dba9646713cb0d14d62ba4a5fb6,who-will-trump-pardon-in-2025,Will Trump pardon Roger Ver in 2025?,No,0.8166889872255156,489.0742000000001,2025-10-24T10:33:07.432799
1761316389,0xe006a9c8bf82cedee79951b288a07becb1be31d8606fdf5d6180aa47f783c71f,ufc-321-aspinall-vs-gane,Aspinall vs. Gane,Aspinall,0.7599999995136,249.999998,2025-10-24T10:33:09.549792
1761316391,0x4f77344fe962f2ec040a9b5ff9b6f40a4869305d212f6963a0657e97e9d48b42,will-any-louvre-heist-robbers-be-arrested-by,Will any Louvre heist robbers be arrested by December 31?,Yes,0.471304347826087,108.4,2025-10-24T10:33:11.420334
1761316405,0x4ee19f1d03942fe122b3483e9a7923f06fb64c1e0e8387711cfb8dedc99b9706,cs2-tpu-nemi1-2025-10-24,Counter-Strike: TPuDCATb TPu vs Nemiga (BO3),Nemiga,0.72,199.999998,2025-10-24T10:33:25.637349
1761316409,0xe014d2989a339f86a41ce3eb0b87a8f0a15d4506740462c8a83e6d06c6e58330,ups-quarterly-earnings-nongaap-eps-10-28-2025-1pt31,Will United Parcel Service (UPS) beat quarterly earnings?,No,0.2820841625006067,116.2356,2025-10-24T10:33:29.513184
1761316411,0x01d5f475cb30704216ae9906d369c0b2991cafec882ab4888a66ff11eb03e569,will-trump-remove-jerome-powell,Jerome Powell out as Fed Chair in 2025?,No,0.958,263.45,2025-10-24T10:33:31.707161
1761316423,0x382cc3d77c699d92e57f983431e70d169318da9031d57cf8e1afd2e6e7a266f7,lal-rso-sev-2025-10-24,Will Real Sociedad win on 2025-10-24?,Yes,0.49,162.68,2025-10-24T10:33:43.696668
1761316423,0x64b643651344f6f6afe6d18c2796e7fcd0b7ce7a1d04044360ebe198ce023c2e,1-searched-song-on-google-this-year,Will The Fate of Ophelia by Taylor Swift be the #1 searched song on Google this year?,No,0.6888490768835664,724.2076999999998,2025-10-24T10:33:43.823657
1761316425,0x66f98d5b0211a6607e24da65e3f2c82c2bf74a0a936f64ed14f9a433ba1fc6ba,dota2-ty-yb1-2025-10-24,Dota 2: Team Yandex vs Yakutou Brothers (BO3),Team Yandex,0.72,408.96,2025-10-24T10:33:45.535743
1761316433,0x81a537b379a35e4e17c286d3b37394e94bd74c1779bbe9a13670eb991b201a3a,brazil-presidential-election,Will Tarcisio de Freitas win the 2026 Brazilian presidential election?,No,0.8030412697488593,1103.4831,2025-10-24T10:33:53.581619
1761316433,0xa59bb6bb91e5c1e4d533864520fbd3bb75d6d0ebb813b4cd8a8b88479bfa8966,brazil-presidential-election,Will Carlos Roberto Massa Júnior win the 2026 Brazilian presidential election?,No,0.9143620327043293,1256.4523000000002,2025-10-24T10:33:53.671275
1761316433,0x05297f854d3b757d5e51a1a29c7f225a80b14b2a161d6b7f9a61677da7a80ced,brazil-presidential-election,Will Renan Santos win the 2026 Brazilian presidential election?,No,0.943940588235294,160.4699,2025-10-24T10:33:53.745420
1761316433,0xdd3d104667774208eae2239f576122ecdd1c04ba81cc14d26d22a36b33887977,brazil-presidential-election,Will Fernando Haddad win the 2026 Brazilian presidential election?,No,0.975,390.0,2025-10-24T10:33:53.764884
1761316433,0x63d8f3a34c90bd5342dda8acf62b6a898dfa52f86475efaf180b66493ef6af80,brazil-presidential-election,Will Jair Bolsonaro win the 2026 Brazilian presidential election?,No,0.969311575,387.72463,2025-10-24T10:33:53.853458
1761316433,0xdf8e2dc5860027decbe6164555c3c1c9645c3bd33e16b9dc57ca87125047d4a8,brazil-presidential-election,Will Luiz Inácio Lula da Silva win the 2026 Brazilian presidential election?,Yes,0.5790482349396194,1249.0939,2025-10-24T10:33:54.184074
1761316439,0xe1a688022716f2eabf93e18d8c1085d224c49a437716228554000f31b413d778,will-hyperliquid-launch-stocks-perps-in-2025,Will Hyperliquid launch stocks perps in 2025?,No,0.0501074940878252,100.22050000000006,2025-10-24T10:33:59.763068
1761316447,0x9d1e122ce82f7acd66088e2e6216ca732b38fee26cee312156e854f975c28776,lighter-airdop-by,Will lighter perform an airdrop by December 31? ,Yes,0.909999998271,199.999998,2025-10-24T10:34:07.759246
1761316449,0xbfccc329c01b4fc9d7934a68904d31f825ab65a1a9180a6b618a2ae3baeb2b80,nba-uta-sac-2025-10-24,Jazz vs. Kings,Kings,0.649999999479667,124.91999900000002,2025-10-24T10:34:09.471492
1761316463,0x6b6e47088a5d877da9d7e83aee1ded721a61e7c2c14a15fbbe14ae52cc9a69f2,1-searched-athlete-on-google-this-year,Will Cristiano Ronaldo be the #1 searched athlete on Google this year?,No,0.88,157.1592,2025-10-24T10:34:23.669161
1761316475,0xe883f2fda25a605a184bb5fe583afce6cc21ea0b348b6a3728ec3067553c548d,democratic-presidential-nominee-2028,Will J.B. Pritzker win the 2028 Democratic presidential nomination?,No,0.979,659.3173400000001,2025-10-24T10:34:35.625944
1761316497,0x97de92aee4d4c1b4c6f88a9c906f4c945ef8516a9118f3d85862420ade6419dd,will-israel-strike-gaza-on,Will Israel strike Gaza on October 23?,No,0.7561959829580037,149.0916,2025-10-24T10:34:57.422344
1761316541,0xef8d9fc5135c4adf59d759faaab19bff2b64e96b65653771ddb34f08ee5382c6,1-searched-athlete-on-google-this-year,Will Lionel Messi be the #1 searched athlete on Google this year?,No,0.9350129,467.50645,2025-10-24T10:35:41.912178
1761316547,0x5ec80dc407457301f282a2b44341947afc700dfaa7923d14c8894e04bc63b03f,next-prime-minister-of-hungary,Will the next Prime Minister of Hungary be Viktor Orbán?,No,0.56,576.8000000000001,2025-10-24T10:35:47.431140
1761316553,0xbd4763bffb9fec9c9a8a157101fd0ebd7b54eeb64eac1c8a8b8f26018cfbfe4b,bun-moe-bay-2025-10-25,Will Bayern München win on 2025-10-25?,Yes,0.809999999784,299.99999799999995,2025-10-24T10:35:53.349580
1761316553,0x2e20604bdeb3d5915d8b4d64153501514c15a5f032f9ca6b3fcfa35de1c6bf13,will-cz-return-to-binance-by-december-31,Will CZ return to Binance by December 31?,Yes,0.4223854876172123,499.999999,2025-10-24T10:35:53.384489
1761316563,0xb0e09bda8f76320b4bb3bfc316db2e0e0860e40375bba843b797c618504a10a1,taylor-swift-opalite-195m-spotify-streams-on-friday,Taylor Swift “Opalite” 195M Spotify Streams on Friday?,Yes,0.95,756.9999949999999,2025-10-24T10:36:03.685022
1761316583,0xaecfd0370cf30a960e46b135e9c500c1a9a7fadd87c1c2ef34df74663339132d,ere-her1-nac-2025-10-24,Will SC Heerenveen win on 2025-10-24?,Yes,0.571778585419694,149.999999,2025-10-24T10:36:23.450900
1761316591,0x0873d893d590c648cb6935d27fe1f3c05d977814a8b91ec12e96d25ab4e97eae,100-tariff-on-china-in-effect-by-november-1,100% tariff on China in effect by November 1?,No,0.9117301777272456,609.43692,2025-10-24T10:36:31.668857
1761316603,0x9be842a0cc41147f0f4c31428e4c9330015fac96088d17fd5ceba6d0b40c63c1,sbf-released-from-custody-in-2025,SBF released from custody in 2025?,No,0.9247688383446838,2499.999999,2025-10-24T10:36:43.740157
1761316605,0x18dc03db0dc5dca326cfcfb72e8331c161c1c614329ec332e75be0bea989992b,cfb-byu-iowast-2025-10-25,Spread: Iowa State (-2.5),BYU,0.49,101.92,2025-10-24T10:36:45.426463
1761316627,0x2594ef610f9ba1c0be7b07af4cec645e1ffa9caaeef797023dfb1755e78942a8,nhl-wsh-cbj-2025-10-24,Capitals vs. Blue Jackets,Capitals,0.53,334.76390000000004,2025-10-24T10:37:07.926298
1761316633,0x11db077700a35d7415b6198c5e5a53adcf1db1819a09831f7eaf148f88243c40,will-hamaz-disarm-by-december-31,Will Hamas agree to disarm by December 31?,No,0.77,211.057,2025-10-24T10:37:13.651882
1761316633,0xbfcb02b2c290d93b0018b7fe66f7b0546dd6993114c926cafec51327cc322ae5,1-searched-athlete-on-google-this-year,Will Lamine Yamal be the #1 searched athlete on Google this year?,No,0.965,123.52965,2025-10-24T10:37:13.786001
1761316633,0xa56e8b87aa04699b6f0764481cb3a4a2dbb12188ec358bd5224986e30735f934,ufc-321-aspinall-vs-gane,Dern vs. Jandiroba,Dern,0.57,1567.4999999999998,2025-10-24T10:37:13.809432
1761316637,0xbd9a8d91124fc5f4bf4ec2732575310aa978940622a79ca476d7e631cf443203,epl-che-sun-2025-10-25,Will Chelsea vs. Sunderland AFC end in a draw?,Yes,0.1999000499750125,100.0,2025-10-24T10:37:17.688775
1761316651,0x9883c17e49888b1e1fc4227d3eca7f4dc7d8394157073714f57965cb31ae5f57,serie-a-league-winner,Will Napoli win the 2025–26 Serie A league?,No,0.81,208.98,2025-10-24T10:37:31.535026
1761316657,0x660efc8b04b50433a098eeb32fa650a53f1095f3a149a5f45d8b3e17f9745d13,will-russia-capture-pokrovsk-train-station-by-september-30,Will Russia capture Pokrovsk train station by October 31?,Yes,0.29,110.49,2025-10-24T10:37:37.466897
1761316681,0xf825f356c429fe1be1695f56df3d5791620db47bff52a8887d8089112d316504,cs2-bet-js1-2025-10-24,Counter-Strike: Betera Esports vs Johnny Speeds (BO3),Betera Esports,0.7987903092889462,299.99999900000006,2025-10-24T10:38:01.622399
1761316683,0xda8ebb9d7998b0e37f912b78d8f71a9e36b8a8b5b2afff4bb1f8106e29ae0604,new-jersey-governor-election-winner-2025,Will Jack Ciattarelli win the New Jersey Governor Election in 2025,Yes,0.17,157.93,2025-10-24T10:38:03.565738
1761316687,0xafc235557ace53ff0b0d2e93392314a7c3f3daab26a79050e985c11282f66df7,maduro-out-in-2025,Maduro out in 2025?,No,0.779999999688,499.999999,2025-10-24T10:38:08.105200
1761316721,0xf56d5e340136b5452e94527435749e2da8a9a06add4b08e8f5bbb4539bfe7e85,nba-atl-orl-2025-10-24,Hawks vs. Magic: O/U 233.5,Over,0.56,322.00000000000006,2025-10-24T10:38:41.404550
1761316725,0xd927ecf4e9411796dedee1c6905d4ed41cf887ffc4274bca9582f8effa21062b,ukraine-signs-peace-deal-with-russia-in-2025,Ukraine signs peace deal with Russia in 2025?,No,0.8599999999426667,299.999998,2025-10-24T10:38:45.699732
1761316727,0xfa3ac6b035dc097551fb48c2abf3eeea2dca7ac052ce90d45e023c3fba588baf,kinetiq-fdv-above-one-day-after-launch,Kinetiq FDV above $500M one day after launch?,Yes,0.3404680245932494,162.80499999999998,2025-10-24T10:38:47.439743
1761316741,0x2d1e63b73db0d6bf61869d9d09d39509cc82581bf3c22ee35ecf4cde13d94416,nba-cle-bkn-2025-10-24,Spread: Cavaliers (-11.5),Cavaliers,0.51,120.0693,2025-10-24T10:39:01.847237
1761316741,0x191ff5f7f1368db8983777fc9728f6efcc7ddf6ed7e47660187bf295929b3f54,nhl-sj-nj-2025-10-24,Sharks vs. Devils,Sharks,0.23,230.0,2025-10-24T10:39:01.891889
1761316759,0x5a0f9776be6c742291ec44debf3b4c56f6c3b9271e96b073eeb80ea6b38caeb6,epl-che-sun-2025-10-25,Will Chelsea win on 2025-10-25?,Yes,0.72,198.0,2025-10-24T10:39:19.588239
1761316787,0x93760290aa15d109966695d64b4dfc6a479fcaf23f8898d0d000e439ab6227df,cfb-byu-iowast-2025-10-25,BYU vs. Iowa State,BYU,0.45,102.2805,2025-10-24T10:39:47.364680
1761316795,0x99e3093706de6d738f6ed2f4db939558002f6cf5914226ccfccdedbfd6c93d03,epl-lee-wes-2025-10-24,Will Leeds United vs. West Ham end in a draw?,Yes,0.2795898102685932,108.989999,2025-10-24T10:39:55.545095
1761316805,0x4accc5eacdb9b2c82838354fc07540aae1f11773d01547ba26b280bdf696f303,nhl-ana-tb-2025-10-25,Ducks vs. Lightning,Ducks,0.3799999987540984,121.99999900000002,2025-10-24T10:40:05.560895
1761316841,0xa467b14d51f01b957109d9cbb1d6c124fab2a089d52ed8f471d23c2812e743b7,xi-jinping-out-before-2027,Xi Jinping out by end of 2026?,Yes,0.17,112.5723,2025-10-24T10:40:41.583874
1761316849,0xe8f609ade8e1a0c968858b791f120863d8fa4ed132b74ae7bf0ffb49fd16dda2,nba-cle-bkn-2025-10-24,Cavaliers vs. Nets,Nets,0.15,210.0,2025-10-24T10:40:49.361690
1761317107,0xf31a6376b45a1e3e3af86d786ad9d8e640db5f6c2e83ab3772fad744eafb7f14,1-searched-song-on-google-this-year,Will Not Like Us by Kendrick Lamar be the #1 searched song on Google this year?,No,0.63,113.3937,2025-10-24T10:45:07.548282
1761317121,0xdb46432765f4f6e902618d2746b289d4fb4a80c0d0cb9697c2dfda186cd0e0c9,will-microstrategy-be-margin-called-in-2025,Will MicroStrategy be margin called in 2025?,No,0.941,123.5533,2025-10-24T10:45:21.382497
1761317161,0x8128b8cec7cbfc01f758365c19672b3305ae636d3f289473a8a1b7772a2a3781,cricket-icc-pak-sl-2025-10-24,ICC WWC: Pakistan vs. Sri Lanka,Pakistan,0.499,275.05379,2025-10-24T10:46:01.617189
1761317183,0xcec9fed3409a763d7aeaa45b89b6d8c08cc9e87e60a1d7d239e9431ee240658a,lal-rso-sev-2025-10-24,Will Sevilla win on 2025-10-24?,Yes,0.25,315.0,2025-10-24T10:46:23.465104
1761317188,0x62b0cd598091a179147acbd4616400f804acfdff6f76f029944b481b37cbd45f,us-x-venezuela-military-engagement-by-october-31,US x Venezuela military engagement by December 31?,No,0.39,291.0414,2025-10-24T10:46:28.027331
1761317195,0x8195ceb3ab6fd94b2adf05993501a4ec9a95dd5eca2590ebf9dacbe200608718,will-the-government-shutdown-end-by-763,Will the Government shutdown end by November 30?,Yes,0.83,239.7206,2025-10-24T10:46:35.349362
1761317209,0xfa24ff31c2cd56cc9a0b8a72586e9be9b7661f76da9a23481219fd461e1650c9,who-will-trump-pardon-in-2025,Will Trump pardon Sam Bankman-Fried in 2025?,Yes,0.1123084134259356,1936.9699990000008,2025-10-24T10:46:49.628654
1761317213,0x05f07c49dbfdbe3f92458aaeeda5a8dd31a8722ce8d54d0d720b67eba2fe8e0f,us-anti-cartel-operation-on-foreign-soil-by-november-30,U.S. anti-cartel operation on foreign soil by November 30?,Yes,0.5833806295820321,239.719999,2025-10-24T10:46:53.468712
1761317667,0xc2dab6ae43c6736185e9af61f8617328f400b84c1a32fee940044cc8b2d36dc3,nba-was-dal-2025-10-24,Wizards vs. Mavericks,Mavericks,0.82,5000.0,2025-10-24T10:54:49.634952
1761317655,0xaa5041ca3ea8400325d726e0fb44b85180c4d6211dea960d7a3fb4600d5d6c76,chile-presidential-election,Will José Antonio Kast win the Chilean presidential election?,Yes,0.7099999995131429,492.957744,2025-10-24T10:54:49.636933
1761317647,0x8114889d5e418494f0b54188256d2f16ba28de9ea42039284bd99f0734e65483,cfb-lamon-soumis-2025-10-25,UL Monroe vs. Southern Miss,Southern Miss,0.819998345323741,1390.0,2025-10-24T10:54:49.639431
1761317641,0x12899fadc50f47afa5f8e145380a9c6f0262d75ea12749bbbcb4f8b50f96cf6b,nba-sas-nop-2025-10-24,Spurs vs. Pelicans,Spurs,0.63,268.0,2025-10-24T10:54:49.639800
1761317639,0x7a461888f0011b1730d74422388d76626b800033eb10a8fff4643984fb9f8806,1-searched-person-on-google-this-year,Will Donald Trump be the #1 searched person on Google this year?,Yes,0.12,952.38,2025-10-24T10:54:49.640116
1761322595,0x3d16ed6f91ad7d3ffb1633e792a6b5595cbd30cf8a9f63883ade9e6e97c8bdc8,us-x-venezuela-military-engagement-by-october-31,US x Venezuela military engagement by October 31?,Yes,0.2299999998404792,3447.826085,2025-10-24T12:16:42.670569
1761322593,0x4085a5e2d95b0057fd9575369b24e653bce463a1c1e1d861188ce11b7690c9fb,will-any-of-the-stolen-louvre-jewels-be-recovered-by,Will any of the stolen Louvre jewels be returned by December 31?,Yes,0.2096166180651854,479.351303,2025-10-24T12:16:42.671573
1761322593,0xe9febe1bab42376a758541f4e445bc5acd7c10e4e4e57b46b7fc86d0faaa4acf,nothing-ever-happens-world-leader-out-edition,Nothing Ever Happens: World Leader Out Edition,Yes,0.7,340.0,2025-10-24T12:16:42.672167
1761322583,0x5ef08ccbdcb26283679331719e43b7cf7aaf829e6e6a5b11925e159c2dd81b8d,lol-t1-mkoi-2025-10-25,LoL: T1 vs Movistar KOI - Game 2 Winner,Movistar KOI,0.15,704.7,2025-10-24T12:16:42.672739
1761322575,0x21d5b50fd0bc5013be79a7cdb4b3f0917127071cf27a324804c030f6eb06f5b4,who-will-trump-announce-as-next-fed-chair,Will Trump refrain from announcing a next Fed Chair in 2025?,Yes,0.6068565760281078,1320.63,2025-10-24T12:16:42.673280
1761322565,0xab03a5adc30a70d64279a1e894b94665583fcec6ef6d6fcfd2d4687968847ef5,will-russia-capture-all-of-pokrovsk-by-september-30,Will Russia capture all of Pokrovsk by December 31?,Yes,0.5373867269717756,372.171453,2025-10-24T12:16:42.673811
1761322557,0xde4f68bdf49deb8984dcf3e644027779bfb8159a97b5bcfb75ae316e9b8a5b01,zohran-mamdani-parlay,Zohran Mamdani Parlay,Yes,0.6011433839054888,4854.45,2025-10-24T12:16:42.674341
1761322547,0x831a3180c69a5d165f8ad7efbae4017090c24ec79067f132bee3a89e50b68616,elon-musk-of-tweets-october-21-october-28,"Will Elon Musk post 180-199 tweets from October 21 to October 28, 2025?",Yes,0.1717806902130817,1164.275209,2025-10-24T12:16:42.674872
1761322613,0xb4c1d4cc96ff16a2cb1dc8ca9b63db53b5b3260b5f0a0f687fa72d75ea571b9b,top-5-most-searched-people-on-google-2025,Will Jimmy Kimmel rank in Google’s Top 5 Most Searched People of 2025?,Yes,0.44,440.0,2025-10-24T12:16:53.428552
1761322613,0xef6199ce5302511abd392cfdd02e41c7e5b0b046e6d3c7fd1527d77c9ae1e8cd,nba-atl-orl-2025-10-24,Hawks vs. Magic,Magic,0.65,384.007,2025-10-24T12:16:53.643223
1761322613,0x53ce5cdbf3b0907343013ac127ec746686e3bace12233a6da34a756a73b6c9b7,nhl-sj-nj-2025-10-24,Spread: Devils (-1.5),Devils,0.57,228.57,2025-10-24T12:16:53.649907
1761322627,0xa88704ab223bec65ea33227f502c0581f1e59a70e6959b3029e744f07df49ef1,will-russia-capture-siversk-by-september-30,Will Russia capture Siversk by November 30?,Yes,0.1485700596044508,100.00000000000001,2025-10-24T12:17:08.162306
1761322629,0x2df7bb9bb2d044408af2a3ef947fd1eb7f5a167d7322cdbb410588af4974ab4e,will-the-us-confirm-that-aliens-exist-in-2025,Will the US confirm that aliens exist in 2025?,No,0.9625073567002526,465.4799739999999,2025-10-24T12:17:09.486463
